{
    "numExa": 1.0,
    "fechaExam": "",
    "notaExam": 0.0
}

{
    "numExa": 2.0,
    "fechaExam": "",
    "notaExam": 7.0
}

{
    "numExa": 3.0,
    "fechaExam": "",
    "notaExam": 5.0
}

{
    "numExa": 4.0,
    "fechaExam": "",
    "notaExam": 2.0
}

{
    "numExa": 5.0,
    "fechaExam": "",
    "notaExam": 7.0
}

{
    "numExa": 6.0,
    "fechaExam": "",
    "notaExam": 5.0
}

{
    "numExa": 7.0,
    "fechaExam": "",
    "notaExam": 6.0
}

{
    "numExa": 8.0,
    "fechaExam": "",
    "notaExam": 8.0
}