<?xml version="1.0" encoding="UTF-8" standalone="no"?>
<matriculas>
    <Alumno>
        <Nombre>Antonio</Nombre>
        <Codigo>001</Codigo>
        <Curso>
            <Nombre>Ingles Intermedio</Nombre>
            <Codigo>I002</Codigo>
            <Nota>6.0</Nota>
        </Curso>
    </Alumno>
    <Alumno>
        <Nombre>Antonio</Nombre>
        <Codigo>001</Codigo>
        <Curso>
            <Nombre>Ingles Avanzado</Nombre>
            <Codigo>I003</Codigo>
            <Nota>0.0</Nota>
        </Curso>
    </Alumno>
    <Alumno>
        <Nombre>Antonio</Nombre>
        <Codigo>001</Codigo>
        <Curso>
            <Nombre>Frances Basico</Nombre>
            <Codigo>F001</Codigo>
            <Nota>0.0</Nota>
        </Curso>
    </Alumno>
    <Alumno>
        <Nombre>Antonio</Nombre>
        <Codigo>001</Codigo>
        <Curso>
            <Nombre>Chino Intermedio</Nombre>
            <Codigo>C002</Codigo>
            <Nota>0.0</Nota>
        </Curso>
    </Alumno>
    <Alumno>
        <Nombre>Maria</Nombre>
        <Codigo>002</Codigo>
        <Curso>
            <Nombre>Ingles Basico</Nombre>
            <Codigo>I001</Codigo>
            <Nota>0.0</Nota>
        </Curso>
    </Alumno>
    <Alumno>
        <Nombre>Antonio</Nombre>
        <Codigo>001</Codigo>
        <Curso>
            <Nombre>Ingles Basico</Nombre>
            <Codigo>I001</Codigo>
            <Nota>0.0</Nota>
        </Curso>
    </Alumno>
    <Alumno>
        <Nombre>Antonio</Nombre>
        <Codigo>001</Codigo>
        <Curso>
            <Nombre>Ingles Intermedio</Nombre>
            <Codigo>I002</Codigo>
            <Nota>6.0</Nota>
        </Curso>
    </Alumno>
    <Alumno>
        <Nombre>Antonio</Nombre>
        <Codigo>001</Codigo>
        <Curso>
            <Nombre>Ingles Avanzado</Nombre>
            <Codigo>I003</Codigo>
            <Nota>0.0</Nota>
        </Curso>
    </Alumno>
    <Alumno>
        <Nombre>Antonio</Nombre>
        <Codigo>001</Codigo>
        <Curso>
            <Nombre>Frances Basico</Nombre>
            <Codigo>F001</Codigo>
            <Nota>0.0</Nota>
        </Curso>
    </Alumno>
    <Alumno>
        <Nombre>Antonio</Nombre>
        <Codigo>001</Codigo>
        <Curso>
            <Nombre>Chino Intermedio</Nombre>
            <Codigo>C002</Codigo>
            <Nota>0.0</Nota>
        </Curso>
    </Alumno>
    <Alumno>
        <Nombre>Maria</Nombre>
        <Codigo>002</Codigo>
        <Curso>
            <Nombre>Ingles Basico</Nombre>
            <Codigo>I001</Codigo>
            <Nota>0.0</Nota>
        </Curso>
    </Alumno>
    <Alumno>
        <Nombre>Antonio</Nombre>
        <Codigo>001</Codigo>
        <Curso>
            <Nombre>Ingles Basico</Nombre>
            <Codigo>I001</Codigo>
            <Nota>0.0</Nota>
        </Curso>
    </Alumno>
</matriculas>